DATE,HPCP
2004-01-01,0.01
2004-01-02,0.39
2004-01-03,0.75
2004-01-04,1.75
2004-01-05,0.26
2004-01-06,0
2004-01-07,0
2004-01-08,0
2004-01-09,0
2004-01-10,0
2004-01-11,0
2004-01-12,0.04
2004-01-13,0.01
2004-01-14,0.05
2004-01-15,0
2004-01-16,0
2004-01-17,0.14
2004-01-18,0.09
2004-01-19,0
2004-01-20,0
2004-01-21,0
2004-01-22,0
2004-01-23,0.04
2004-01-24,0
2004-01-25,0.07
2004-01-26,0.25
2004-01-27,0.2
2004-01-28,0
2004-01-29,0
2004-01-30,0.01
2004-01-31,0
2004-02-01,0
2004-02-02,0.71
2004-02-03,1.11
2004-02-04,0
2004-02-05,1.61
2004-02-06,0.98
2004-02-07,0.01
2004-02-08,0
2004-02-09,0
2004-02-10,0
2004-02-11,0
2004-02-12,0
2004-02-13,0
2004-02-14,0
2004-02-15,0
2004-02-16,0
2004-02-17,0
2004-02-18,0
2004-02-19,0.1
2004-02-20,0.15
2004-02-21,0.04
2004-02-22,0.1
2004-02-23,0
2004-02-24,0.12
2004-02-25,0
2004-02-26,0
2004-02-27,0
2004-02-28,0
2004-02-29,0
2004-03-01,0.19
2004-03-02,0.12
2004-03-03,0
2004-03-04,0.39
2004-03-05,0.57
2004-03-06,0.2
2004-03-07,0.18
2004-03-08,0.01
2004-03-09,0.11
2004-03-10,0
2004-03-11,0.05
2004-03-12,0.03
2004-03-13,0
2004-03-14,0.02
2004-03-15,0
2004-03-16,0.59
2004-03-17,0.02
2004-03-18,0.2
2004-03-19,0.06
2004-03-20,0.61
2004-03-21,0.02
2004-03-22,0
2004-03-23,0
2004-03-24,0
2004-03-25,0.15
2004-03-26,0.01
2004-03-27,0.11
2004-03-28,0
2004-03-29,0
2004-03-30,0.22
2004-03-31,0.37
2004-04-01,0.47
2004-04-02,0
2004-04-03,0.01
2004-04-04,0.09
2004-04-05,0
2004-04-06,0
2004-04-07,0
2004-04-08,0.33
2004-04-09,0
2004-04-10,0
2004-04-11,0
2004-04-12,0.83
2004-04-13,0.98
2004-04-14,0.04
2004-04-15,0
2004-04-16,0
2004-04-17,0
2004-04-18,0
2004-04-19,0.21
2004-04-20,0
2004-04-21,0
2004-04-22,0.56
2004-04-23,0.33
2004-04-24,0
2004-04-25,0.4
2004-04-26,0.06
2004-04-27,0.13
2004-04-28,0
2004-04-29,0
2004-04-30,0.06
2004-05-01,0
2004-05-02,0.14
2004-05-03,0
2004-05-04,0
2004-05-05,0
2004-05-06,0
2004-05-07,0.36
2004-05-08,0
2004-05-09,0
2004-05-10,0
2004-05-11,0
2004-05-12,0
2004-05-13,0
2004-05-14,0.21
2004-05-15,0.19
2004-05-16,0
2004-05-17,0.01
2004-05-18,1.7
2004-05-19,0.2
2004-05-20,0.01
2004-05-21,1.63
2004-05-22,0
2004-05-23,0
2004-05-24,0
2004-05-25,0
2004-05-26,0.01
2004-05-27,0
2004-05-28,0.18
2004-05-29,0
2004-05-30,0
2004-05-31,0.3
2004-06-01,0
2004-06-02,0.2
2004-06-03,0
2004-06-04,0.07
2004-06-05,0.29
2004-06-06,0
2004-06-07,0
2004-06-08,0
2004-06-09,0.3
2004-06-10,0.24
2004-06-11,0.91
2004-06-12,0
2004-06-13,0
2004-06-14,1.04
2004-06-15,0.22
2004-06-16,0
2004-06-17,0.9
2004-06-18,0.03
2004-06-19,0
2004-06-20,0
2004-06-21,0
2004-06-22,0.33
2004-06-23,0
2004-06-24,0.01
2004-06-25,0
2004-06-26,0
2004-06-27,0
2004-06-28,0.47
2004-06-29,0
2004-06-30,0
2004-07-01,0
2004-07-02,0
2004-07-03,0
2004-07-04,0.3
2004-07-05,1.08
2004-07-06,0
2004-07-07,0
2004-07-08,0
2004-07-09,0
2004-07-10,0
2004-07-11,0
2004-07-12,0.56
2004-07-13,0.29
2004-07-14,0.08
2004-07-15,0.01
2004-07-16,0
2004-07-17,0.46
2004-07-18,0.11
2004-07-19,0.02
2004-07-20,0
2004-07-21,0
2004-07-22,0
2004-07-23,0
2004-07-24,0
2004-07-25,0
2004-07-26,2.17
2004-07-27,0.16
2004-07-28,0
2004-07-29,0
2004-07-30,0
2004-07-31,0.43
2004-08-01,0
2004-08-02,0
2004-08-03,0
2004-08-04,0.64
2004-08-05,0
2004-08-06,0.01
2004-08-07,0
2004-08-08,0
2004-08-09,0
2004-08-10,0.66
2004-08-11,0
2004-08-12,0.16
2004-08-13,0.06
2004-08-14,0
2004-08-15,0
2004-08-16,0
2004-08-17,0
2004-08-18,0.27
2004-08-19,1.07
2004-08-20,1.7
2004-08-21,1.11
2004-08-22,0
2004-08-23,0
2004-08-24,0
2004-08-25,0
2004-08-26,0.09
2004-08-27,0.01
2004-08-28,0.1
2004-08-29,0.15
2004-08-30,0.1
2004-08-31,0
2004-09-01,0
2004-09-02,0
2004-09-03,0
2004-09-04,0
2004-09-05,0
2004-09-06,0
2004-09-07,0
2004-09-08,3.56
2004-09-09,0.27
2004-09-10,0
2004-09-11,0
2004-09-12,0
2004-09-13,0
2004-09-14,0
2004-09-15,0
2004-09-16,0
2004-09-17,5.95
2004-09-18,0
2004-09-19,0
2004-09-20,0
2004-09-21,0
2004-09-22,0
2004-09-23,0
2004-09-24,0
2004-09-25,0
2004-09-26,0
2004-09-27,0
2004-09-28,0.28
2004-09-29,0
2004-09-30,0
2004-10-01,0
2004-10-02,0.06
2004-10-03,0
2004-10-04,0
2004-10-05,0
2004-10-06,0
2004-10-07,0
2004-10-08,0
2004-10-09,0
2004-10-10,0
2004-10-11,0
2004-10-12,0
2004-10-13,0.54
2004-10-14,0.02
2004-10-15,0.46
2004-10-16,0.05
2004-10-17,0.01
2004-10-18,1.08
2004-10-19,0.07
2004-10-20,0
2004-10-21,0
2004-10-22,0
2004-10-23,0.02
2004-10-24,0.32
2004-10-25,0
2004-10-26,0
2004-10-27,0
2004-10-28,0
2004-10-29,0.6
2004-10-30,0.13
2004-10-31,0
2004-11-01,0
2004-11-02,0.27
2004-11-03,0
2004-11-04,0.13
2004-11-05,0.06
2004-11-06,0
2004-11-07,0
2004-11-08,0
2004-11-09,0
2004-11-10,0
2004-11-11,0.09
2004-11-12,0.31
2004-11-13,0
2004-11-14,0
2004-11-15,0
2004-11-16,0
2004-11-17,0.13
2004-11-18,0.01
2004-11-19,0.41
2004-11-20,0.12
2004-11-21,0
2004-11-22,0.11
2004-11-23,0
2004-11-24,0.41
2004-11-25,0.09
2004-11-26,0
2004-11-27,0.16
2004-11-28,0.18
2004-11-29,0
2004-11-30,0.15
2004-12-01,0.64
2004-12-02,0
2004-12-03,0
2004-12-04,0
2004-12-05,0
2004-12-06,0.11
2004-12-07,0.33
2004-12-08,0
2004-12-09,0.51
2004-12-10,0.02
2004-12-11,0.02
2004-12-12,0.01
2004-12-13,0.02
2004-12-14,0.08
2004-12-15,0
2004-12-16,0
2004-12-17,0
2004-12-18,0
2004-12-19,0.06
2004-12-20,0
2004-12-21,0
2004-12-22,0.07
2004-12-23,0.59
2004-12-24,0
2004-12-25,0
2004-12-26,0.01
2004-12-27,0
2004-12-28,0
2004-12-29,0
2004-12-30,0
2004-12-31,0.03
2005-01-01,0
2005-01-02,0.02
2005-01-03,0.7
2005-01-04,0.05
2005-01-05,1.72
2005-01-06,0.79
2005-01-07,0.02
2005-01-08,0.3
2005-01-09,0
2005-01-10,0
2005-01-11,0.71
2005-01-12,0.32
2005-01-13,0.1
2005-01-14,0.35
2005-01-15,0
2005-01-16,0.03
2005-01-17,0
2005-01-18,0
2005-01-19,0.03
2005-01-20,0
2005-01-21,0
2005-01-22,0.1
2005-01-23,0
2005-01-24,0
2005-01-25,0
2005-01-26,0.02
2005-01-27,0
2005-01-28,0
2005-01-29,0.1
2005-01-30,0.01
2005-01-31,0
2005-02-01,0
2005-02-02,0
2005-02-03,0.01
2005-02-04,0
2005-02-05,0
2005-02-06,0
2005-02-07,0
2005-02-08,0.11
2005-02-09,0.3
2005-02-10,0.02
2005-02-11,0
2005-02-12,0
2005-02-13,0
2005-02-14,0.9
2005-02-15,0
2005-02-16,0.13
2005-02-17,0
2005-02-18,0
2005-02-19,0
2005-02-20,0.21
2005-02-21,0.15
2005-02-22,0.01
2005-02-23,0
2005-02-24,0.28
2005-02-25,0
2005-02-26,0.01
2005-02-27,0
2005-02-28,0.2
2005-03-01,0.05
2005-03-02,0
2005-03-03,0
2005-03-04,0
2005-03-05,0
2005-03-06,0
2005-03-07,0.15
2005-03-08,0.05
2005-03-09,0
2005-03-10,0.01
2005-03-11,0.05
2005-03-12,0.03
2005-03-13,0
2005-03-14,0
2005-03-15,0
2005-03-16,0
2005-03-17,0
2005-03-18,0
2005-03-19,0.03
2005-03-20,0.1
2005-03-21,0
2005-03-22,0
2005-03-23,0.48
2005-03-24,0.01
2005-03-25,0.04
2005-03-26,0
2005-03-27,0.1
2005-03-28,0.52
2005-03-29,0
2005-03-30,0
2005-03-31,0
2005-04-01,0.2
2005-04-02,0.69
2005-04-03,0.1
2005-04-04,0
2005-04-05,0
2005-04-06,0
2005-04-07,0.01
2005-04-08,0
2005-04-09,0
2005-04-10,0
2005-04-11,0
2005-04-12,0
2005-04-13,0
2005-04-14,0
2005-04-15,0
2005-04-16,0
2005-04-17,0
2005-04-18,0
2005-04-19,0.01
2005-04-20,0.43
2005-04-21,0.01
2005-04-22,0.26
2005-04-23,0.77
2005-04-24,0.16
2005-04-25,0.01
2005-04-26,0.14
2005-04-27,0.09
2005-04-28,0.03
2005-04-29,0.02
2005-04-30,0.32
2005-05-01,0
2005-05-02,0
2005-05-03,0
2005-05-04,0
2005-05-05,0
2005-05-06,0
2005-05-07,0.2
2005-05-08,0
2005-05-09,0
2005-05-10,0
2005-05-11,0.59
2005-05-12,0.03
2005-05-13,1.21
2005-05-14,0.35
2005-05-15,0.01
2005-05-16,0
2005-05-17,0
2005-05-18,0
2005-05-19,0.02
2005-05-20,0.4
2005-05-21,0.06
2005-05-22,0.02
2005-05-23,0.49
2005-05-24,0.06
2005-05-25,0
2005-05-26,0
2005-05-27,0.05
2005-05-28,0.55
2005-05-29,0
2005-05-30,0.04
2005-05-31,0
2005-06-01,0
2005-06-02,0
2005-06-03,0.22
2005-06-04,0
2005-06-05,0
2005-06-06,0.15
2005-06-07,0
2005-06-08,0
2005-06-09,0
2005-06-10,0.03
2005-06-11,1.84
2005-06-12,0
2005-06-13,0
2005-06-14,0.11
2005-06-15,0
2005-06-16,0.11
2005-06-17,0.1
2005-06-18,0
2005-06-19,0
2005-06-20,0
2005-06-21,0
2005-06-22,0.03
2005-06-23,0
2005-06-24,0
2005-06-25,0
2005-06-26,0
2005-06-27,0
2005-06-28,0.14
2005-06-29,0.42
2005-06-30,0.18
2005-07-01,0
2005-07-02,0
2005-07-03,0
2005-07-04,0
2005-07-05,1.89
2005-07-06,0
2005-07-07,0
2005-07-08,0
2005-07-09,0
2005-07-10,0
2005-07-11,0
2005-07-12,0.01
2005-07-13,0.09
2005-07-14,0.01
2005-07-15,0.46
2005-07-16,0.01
2005-07-17,0.67
2005-07-18,0.15
2005-07-19,0.02
2005-07-20,0
2005-07-21,0.35
2005-07-22,0
2005-07-23,0
2005-07-24,0
2005-07-25,0
2005-07-26,0.63
2005-07-27,0.04
2005-07-28,0
2005-07-29,0
2005-07-30,0
2005-07-31,0
2005-08-01,0
2005-08-02,0
2005-08-03,0
2005-08-04,0
2005-08-05,0.08
2005-08-06,0
2005-08-07,0
2005-08-08,0.08
2005-08-09,0
2005-08-10,0
2005-08-11,0
2005-08-12,0
2005-08-13,0
2005-08-14,0
2005-08-15,0
2005-08-16,0.27
2005-08-17,0
2005-08-18,0
2005-08-19,0
2005-08-20,0.98
2005-08-21,0
2005-08-22,0
2005-08-23,0
2005-08-24,0
2005-08-25,0
2005-08-26,0.16
2005-08-27,0.22
2005-08-28,0
2005-08-29,0.47
2005-08-30,1.23
2005-08-31,0.23
2005-09-01,0
2005-09-02,0
2005-09-03,0
2005-09-04,0
2005-09-05,0
2005-09-06,0
2005-09-07,0
2005-09-08,0
2005-09-09,0
2005-09-10,0
2005-09-11,0
2005-09-12,0
2005-09-13,0
2005-09-14,0
2005-09-15,0
2005-09-16,0.14
2005-09-17,0.01
2005-09-18,0
2005-09-19,0
2005-09-20,0
2005-09-21,0
2005-09-22,0.02
2005-09-23,0.2
2005-09-24,0
2005-09-25,0
2005-09-26,0.38
2005-09-27,0
2005-09-28,0
2005-09-29,0.57
2005-09-30,0
2005-10-01,0
2005-10-02,0
2005-10-03,0
2005-10-04,0
2005-10-05,0
2005-10-06,0
2005-10-07,0.61
2005-10-08,0.13
2005-10-09,0
2005-10-10,0.01
2005-10-11,0
2005-10-12,0
2005-10-13,0
2005-10-14,0
2005-10-15,0
2005-10-16,0
2005-10-17,0
2005-10-18,0
2005-10-19,0
2005-10-20,0.02
2005-10-21,0.36
2005-10-22,0.49
2005-10-23,0.02
2005-10-24,0.59
2005-10-25,1.22
2005-10-26,0.02
2005-10-27,0
2005-10-28,0
2005-10-29,0
2005-10-30,0
2005-10-31,0
2005-11-01,0.26
2005-11-02,0
2005-11-03,0
2005-11-04,0
2005-11-05,0
2005-11-06,0.14
2005-11-07,0
2005-11-08,0.15
2005-11-09,0.7
2005-11-10,0.01
2005-11-11,0
2005-11-12,0
2005-11-13,0.02
2005-11-14,0.25
2005-11-15,1.02
2005-11-16,0.32
2005-11-17,0
2005-11-18,0
2005-11-19,0
2005-11-20,0
2005-11-21,0
2005-11-22,0.03
2005-11-23,0.12
2005-11-24,0.04
2005-11-25,0
2005-11-26,0
2005-11-27,0
2005-11-28,0
2005-11-29,0.96
2005-11-30,0
2005-12-01,0
2005-12-02,0
2005-12-03,0
2005-12-04,0.15
2005-12-05,0
2005-12-06,0
2005-12-07,0
2005-12-08,0.17
2005-12-09,0.13
2005-12-10,0
2005-12-11,0.1
2005-12-12,0.02
2005-12-13,0
2005-12-14,0
2005-12-15,0.47
2005-12-16,0.04
2005-12-17,0
2005-12-18,0.02
2005-12-19,0.01
2005-12-20,0
2005-12-21,0
2005-12-22,0
2005-12-23,0
2005-12-24,0
2005-12-25,0.08
2005-12-26,0.08
2005-12-27,0
2005-12-28,0.03
2005-12-29,0.06
2005-12-30,0
2005-12-31,0.07
2006-01-01,0
2006-01-02,1.33
2006-01-03,0.06
2006-01-04,0.02
2006-01-05,0.07
2006-01-06,0
2006-01-07,0
2006-01-08,0
2006-01-09,0
2006-01-10,0
2006-01-11,0.05
2006-01-12,0
2006-01-13,0.24
2006-01-14,0.29
2006-01-15,0
2006-01-16,0
2006-01-17,0.36
2006-01-18,0.17
2006-01-19,0
2006-01-20,0
2006-01-21,0.01
2006-01-22,0.01
2006-01-23,0.46
2006-01-24,0.13
2006-01-25,0.05
2006-01-26,0
2006-01-27,0
2006-01-28,0
2006-01-29,0.14
2006-01-30,0.01
2006-01-31,0.08
2006-02-01,0
2006-02-02,0.03
2006-02-03,0.55
2006-02-04,0.29
2006-02-05,0
2006-02-06,0.01
2006-02-07,0
2006-02-08,0.01
2006-02-09,0
2006-02-10,0
2006-02-11,0.02
2006-02-12,0.02
2006-02-13,0.01
2006-02-14,0
2006-02-15,0
2006-02-16,0.26
2006-02-17,0.04
2006-02-18,0
2006-02-19,0
2006-02-20,0
2006-02-21,0
2006-02-22,0
2006-02-23,0
2006-02-24,0
2006-02-25,0
2006-02-26,0
2006-02-27,0.07
2006-02-28,0
2006-03-01,0
2006-03-02,0.17
2006-03-03,0
2006-03-04,0
2006-03-05,0
2006-03-06,0
2006-03-07,0
2006-03-08,0.03
2006-03-09,0.04
2006-03-10,0.04
2006-03-11,0.09
2006-03-12,1.01
2006-03-13,0.45
2006-03-14,0
2006-03-15,0
2006-03-16,0
2006-03-17,0
2006-03-18,0
2006-03-19,0
2006-03-20,0
2006-03-21,0
2006-03-22,0
2006-03-23,0
2006-03-24,0.02
2006-03-25,0.05
2006-03-26,0.01
2006-03-27,0
2006-03-28,0
2006-03-29,0
2006-03-30,0
2006-03-31,0.12
2006-04-01,0.1
2006-04-02,0.05
2006-04-03,0.2
2006-04-04,0.02
2006-04-05,0.01
2006-04-06,0
2006-04-07,1.32
2006-04-08,0.1
2006-04-09,0
2006-04-10,0
2006-04-11,0
2006-04-12,0.3
2006-04-13,0.12
2006-04-14,0.22
2006-04-15,0.2
2006-04-16,0
2006-04-17,0
2006-04-18,0
2006-04-19,0
2006-04-20,0
2006-04-21,0.53
2006-04-22,1.08
2006-04-23,0.68
2006-04-24,0.51
2006-04-25,0.46
2006-04-26,0
2006-04-27,0
2006-04-28,0
2006-04-29,0
2006-04-30,0
2006-05-01,0
2006-05-02,0.13
2006-05-03,0.1
2006-05-04,0
2006-05-05,0
2006-05-06,0
2006-05-07,0
2006-05-08,0
2006-05-09,0
2006-05-10,0
2006-05-11,1.89
2006-05-12,0.05
2006-05-13,0
2006-05-14,0.2
2006-05-15,1.31
2006-05-16,0.88
2006-05-17,0.63
2006-05-18,0.65
2006-05-19,0.38
2006-05-20,0.1
2006-05-21,0.04
2006-05-22,0
2006-05-23,0
2006-05-24,0
2006-05-25,0.05
2006-05-26,0.75
2006-05-27,0.2
2006-05-28,0
2006-05-29,0
2006-05-30,0
2006-05-31,0
2006-06-01,0.28
2006-06-02,1.32
2006-06-03,0.72
2006-06-04,0.21
2006-06-05,0.01
2006-06-06,0
2006-06-07,0
2006-06-08,0
2006-06-09,0
2006-06-10,0
2006-06-11,0
2006-06-12,0
2006-06-13,0
2006-06-14,0
2006-06-15,0
2006-06-16,0
2006-06-17,0
2006-06-18,0
2006-06-19,0.55
2006-06-20,0.5
2006-06-21,0
2006-06-22,0.75
2006-06-23,0.24
2006-06-24,0
2006-06-25,0.42
2006-06-26,0.01
2006-06-27,1.45
2006-06-28,0.1
2006-06-29,0.25
2006-06-30,0
2006-07-01,0
2006-07-02,0
2006-07-03,0.08
2006-07-04,1.25
2006-07-05,1.03
2006-07-06,0
2006-07-07,0
2006-07-08,0
2006-07-09,0
2006-07-10,0
2006-07-11,0
2006-07-12,1.24
2006-07-13,0
2006-07-14,0.04
2006-07-15,0
2006-07-16,0
2006-07-17,0
2006-07-18,0
2006-07-19,0
2006-07-20,0
2006-07-21,0.4
2006-07-22,0.52
2006-07-23,0
2006-07-24,0
2006-07-25,0
2006-07-26,0
2006-07-27,0
2006-07-28,0.06
2006-07-29,0
2006-07-30,0.34
2006-07-31,0
2006-08-01,0
2006-08-02,0
2006-08-03,0.4
2006-08-04,0
2006-08-05,0
2006-08-06,0
2006-08-07,0
2006-08-08,0
2006-08-09,0
2006-08-10,0
2006-08-11,0
2006-08-12,0
2006-08-13,0
2006-08-14,0.03
2006-08-15,0.02
2006-08-16,0
2006-08-17,0
2006-08-18,0
2006-08-19,0.6
2006-08-20,0
2006-08-21,0
2006-08-22,0
2006-08-23,0
2006-08-24,0
2006-08-25,0
2006-08-26,0
2006-08-27,0.33
2006-08-28,0.07
2006-08-29,0.14
2006-08-30,0.01
2006-08-31,0
2006-09-01,0.03
2006-09-02,0.54
2006-09-03,0
2006-09-04,0
2006-09-05,0.15
2006-09-06,0.03
2006-09-07,0
2006-09-08,0
2006-09-09,0
2006-09-10,0
2006-09-11,0
2006-09-12,0.68
2006-09-13,0.63
2006-09-14,0.17
2006-09-15,0.02
2006-09-16,0
2006-09-17,0
2006-09-18,0
2006-09-19,0.1
2006-09-20,0
2006-09-21,0
2006-09-22,0
2006-09-23,0.14
2006-09-24,0.04
2006-09-25,0
2006-09-26,0
2006-09-27,0
2006-09-28,0.61
2006-09-29,0
2006-09-30,0.12
2006-10-01,0
2006-10-02,0
2006-10-03,0
2006-10-04,0
2006-10-05,0
2006-10-06,0
2006-10-07,0
2006-10-08,0
2006-10-09,0
2006-10-10,0
2006-10-11,0.38
2006-10-12,0.05
2006-10-13,0
2006-10-14,0
2006-10-15,0
2006-10-16,0.02
2006-10-17,1.66
2006-10-18,0.01
2006-10-19,0.85
2006-10-20,0.57
2006-10-21,0
2006-10-22,0
2006-10-23,0
2006-10-24,0
2006-10-25,0
2006-10-26,0
2006-10-27,0.61
2006-10-28,0.55
2006-10-29,0
2006-10-30,0
2006-10-31,0.14
2006-11-01,0.05
2006-11-02,0
2006-11-03,0
2006-11-04,0
2006-11-05,0
2006-11-06,0
2006-11-07,0
2006-11-08,0
2006-11-09,0
2006-11-10,0
2006-11-11,0.39
2006-11-12,0
2006-11-13,0
2006-11-14,0.01
2006-11-15,0.32
2006-11-16,0.5
2006-11-17,0.04
2006-11-18,0
2006-11-19,0.07
2006-11-20,0
2006-11-21,0
2006-11-22,0
2006-11-23,0
2006-11-24,0
2006-11-25,0
2006-11-26,0
2006-11-27,0
2006-11-28,0
2006-11-29,0.01
2006-11-30,0.01
2006-12-01,0.29
2006-12-02,0
2006-12-03,0
2006-12-04,0
2006-12-05,0
2006-12-06,0
2006-12-07,0.01
2006-12-08,0
2006-12-09,0
2006-12-10,0
2006-12-11,0
2006-12-12,0
2006-12-13,0.15
2006-12-14,0
2006-12-15,0
2006-12-16,0
2006-12-17,0
2006-12-18,0.1
2006-12-19,0
2006-12-20,0
2006-12-21,0.01
2006-12-22,0.67
2006-12-23,0.02
2006-12-24,0
2006-12-25,0.36
2006-12-26,0.01
2006-12-27,0.01
2006-12-28,0
2006-12-29,0
2006-12-30,0
2006-12-31,0.16
2007-01-01,0.16
2007-01-02,0.01
2007-01-03,0
2007-01-04,0
2007-01-05,0.65
2007-01-06,0
2007-01-07,0.24
2007-01-08,0.14
2007-01-09,0
2007-01-10,0
2007-01-11,0
2007-01-12,0.06
2007-01-13,0.57
2007-01-14,0.36
2007-01-15,0.64
2007-01-16,0.02
2007-01-17,0
2007-01-18,0
2007-01-19,0.04
2007-01-20,0
2007-01-21,0.02
2007-01-22,0.03
2007-01-23,0
2007-01-24,0.04
2007-01-25,0.01
2007-01-26,0.03
2007-01-27,0
2007-01-28,0.04
2007-01-29,0.01
2007-01-30,0.01
2007-01-31,0
2007-02-01,0
2007-02-02,0.13
2007-02-03,0
2007-02-04,0
2007-02-05,0
2007-02-06,0.02
2007-02-07,0
2007-02-08,0
2007-02-09,0
2007-02-10,0
2007-02-11,0
2007-02-12,0
2007-02-13,0.78
2007-02-14,0.16
2007-02-15,0
2007-02-16,0
2007-02-17,0.04
2007-02-18,0
2007-02-19,0
2007-02-20,0.22
2007-02-21,0
2007-02-22,0.01
2007-02-23,0
2007-02-24,0
2007-02-25,0.43
2007-02-26,0.01
2007-02-27,0
2007-02-28,0
2007-03-01,0.49
2007-03-02,0.57
2007-03-03,0.01
2007-03-04,0
2007-03-05,0
2007-03-06,0
2007-03-07,0.12
2007-03-08,0
2007-03-09,0
2007-03-10,0.06
2007-03-11,0
2007-03-12,0
2007-03-13,0
2007-03-14,0.14
2007-03-15,1.28
2007-03-16,0.54
2007-03-17,0.01
2007-03-18,0
2007-03-19,0.47
2007-03-20,0
2007-03-21,0
2007-03-22,0.19
2007-03-23,0.95
2007-03-24,0.07
2007-03-25,0
2007-03-26,0
2007-03-27,0.29
2007-03-28,0
2007-03-29,0
2007-03-30,0
2007-03-31,0
2007-04-01,1.44
2007-04-02,0
2007-04-03,0
2007-04-04,0.06
2007-04-05,0
2007-04-06,0.01
2007-04-07,0
2007-04-08,0
2007-04-09,0
2007-04-10,0
2007-04-11,0.37
2007-04-12,0.12
2007-04-13,0.01
2007-04-14,0.45
2007-04-15,0.25
2007-04-16,0.04
2007-04-17,0.04
2007-04-18,0
2007-04-19,0
2007-04-20,0
2007-04-21,0
2007-04-22,0
2007-04-23,0.32
2007-04-24,0
2007-04-25,0.86
2007-04-26,0.01
2007-04-27,0.18
2007-04-28,0.09
2007-04-29,0.01
2007-04-30,0
2007-05-01,0.43
2007-05-02,0
2007-05-03,0
2007-05-04,0
2007-05-05,0
2007-05-06,0
2007-05-07,0
2007-05-08,0
2007-05-09,0
2007-05-10,0
2007-05-11,0
2007-05-12,0
2007-05-13,0
2007-05-14,0
2007-05-15,0
2007-05-16,0.8
2007-05-17,0.04
2007-05-18,0.06
2007-05-19,0.06
2007-05-20,0.03
2007-05-21,0
2007-05-22,0
2007-05-23,0
2007-05-24,0
2007-05-25,0
2007-05-26,0.44
2007-05-27,0.07
2007-05-28,0
2007-05-29,0
2007-05-30,0
2007-05-31,0
2007-06-01,0
2007-06-02,0
2007-06-03,0.18
2007-06-04,0.09
2007-06-05,0.38
2007-06-06,0
2007-06-07,0
2007-06-08,0.09
2007-06-09,0
2007-06-10,0
2007-06-11,0
2007-06-12,0.1
2007-06-13,0.06
2007-06-14,0.3
2007-06-15,0
2007-06-16,0
2007-06-17,0
2007-06-18,0.2
2007-06-19,2.7
2007-06-20,0
2007-06-21,0.46
2007-06-22,0
2007-06-23,0
2007-06-24,0
2007-06-25,0
2007-06-26,0
2007-06-27,0.04
2007-06-28,0.83
2007-06-29,0.3
2007-06-30,0
2007-07-01,0
2007-07-02,0
2007-07-03,0.1
2007-07-04,0
2007-07-05,1.68
2007-07-06,0
2007-07-07,0
2007-07-08,0
2007-07-09,0
2007-07-10,0
2007-07-11,0.76
2007-07-12,0
2007-07-13,0.26
2007-07-14,0
2007-07-15,0
2007-07-16,0
2007-07-17,0.42
2007-07-18,0.24
2007-07-19,0.99
2007-07-20,0
2007-07-21,0
2007-07-22,0
2007-07-23,0
2007-07-24,0.1
2007-07-25,0
2007-07-26,0
2007-07-27,0.56
2007-07-28,0
2007-07-29,0
2007-07-30,0
2007-07-31,0
2007-08-01,0
2007-08-02,0
2007-08-03,0
2007-08-04,0.03
2007-08-05,1.29
2007-08-06,2.81
2007-08-07,0
2007-08-08,1.04
2007-08-09,3.7
2007-08-10,0.13
2007-08-11,0
2007-08-12,0
2007-08-13,0
2007-08-14,0
2007-08-15,0
2007-08-16,0.95
2007-08-17,0
2007-08-18,0
2007-08-19,1.18
2007-08-20,2.47
2007-08-21,1.81
2007-08-22,0.3
2007-08-23,0
2007-08-24,0
2007-08-25,0.12
2007-08-26,0.2
2007-08-27,0
2007-08-28,0
2007-08-29,0
2007-08-30,0.02
2007-08-31,0
2007-09-01,0
2007-09-02,0
2007-09-03,0
2007-09-04,0
2007-09-05,0
2007-09-06,0
2007-09-07,0
2007-09-08,0.53
2007-09-09,0.1
2007-09-10,0
2007-09-11,0.83
2007-09-12,0
2007-09-13,0
2007-09-14,0.03
2007-09-15,0
2007-09-16,0
2007-09-17,0
2007-09-18,0
2007-09-19,0
2007-09-20,0
2007-09-21,0
2007-09-22,0
2007-09-23,0
2007-09-24,0
2007-09-25,0
2007-09-26,0.04
2007-09-27,0.33
2007-09-28,0.84
2007-09-29,0
2007-09-30,0
2007-10-01,0
2007-10-02,0
2007-10-03,0
2007-10-04,0
2007-10-05,0
2007-10-06,0
2007-10-07,0
2007-10-08,0
2007-10-09,0.1
2007-10-10,0
2007-10-11,0.02
2007-10-12,0.01
2007-10-13,0
2007-10-14,0
2007-10-15,0
2007-10-16,0.02
2007-10-17,0
2007-10-18,0.01
2007-10-19,0.17
2007-10-20,0
2007-10-21,0
2007-10-22,0.06
2007-10-23,0.69
2007-10-24,0.35
2007-10-25,0
2007-10-26,0.18
2007-10-27,0.09
2007-10-28,0
2007-10-29,0
2007-10-30,0
2007-10-31,0
2007-11-01,0.04
2007-11-02,0
2007-11-03,0
2007-11-04,0
2007-11-05,0.6
2007-11-06,0.1
2007-11-07,0
2007-11-08,0
2007-11-09,0.03
2007-11-10,0
2007-11-11,0.55
2007-11-12,0.33
2007-11-13,0.84
2007-11-14,0.12
2007-11-15,1.05
2007-11-16,0.1
2007-11-17,0.09
2007-11-18,0.11
2007-11-19,0.01
2007-11-20,0.02
2007-11-21,0.27
2007-11-22,0.37
2007-11-23,0.03
2007-11-24,0
2007-11-25,0.17
2007-11-26,3.42
2007-11-27,0
2007-11-28,0
2007-11-29,0.01
2007-11-30,0
2007-12-01,0
2007-12-02,1.21
2007-12-03,0.13
2007-12-04,0
2007-12-05,0.23
2007-12-06,0.1
2007-12-07,0.25
2007-12-08,0.17
2007-12-09,0.66
2007-12-10,0.15
2007-12-11,0.42
2007-12-12,1.25
2007-12-13,0.96
2007-12-14,0.7
2007-12-15,0.29
2007-12-16,0.51
2007-12-17,0
2007-12-18,0
2007-12-19,0
2007-12-20,0
2007-12-21,0.1
2007-12-22,0.4
2007-12-23,0.44
2007-12-24,0
2007-12-25,0
2007-12-26,0
2007-12-27,0.34
2007-12-28,0.36
2007-12-29,0.01
2007-12-30,0.01
2007-12-31,0.1
2008-01-01,0
2008-01-02,0.04
2008-01-03,0
2008-01-04,0
2008-01-05,0.02
2008-01-06,0.02
2008-01-07,0
2008-01-08,0
2008-01-09,0.27
2008-01-10,0.85
2008-01-11,0.59
2008-01-12,0
2008-01-13,0.16
2008-01-14,0.11
2008-01-15,0
2008-01-16,0
2008-01-17,0.26
2008-01-18,0.11
2008-01-19,0
2008-01-20,0
2008-01-21,0
2008-01-22,0.05
2008-01-23,0
2008-01-24,0.02
2008-01-25,0
2008-01-26,0.01
2008-01-27,0.12
2008-01-28,0.02
2008-01-29,0.33
2008-01-30,0.12
2008-01-31,0
2008-02-01,1.86
2008-02-02,0
2008-02-03,0
2008-02-04,0
2008-02-05,1.42
2008-02-06,0.85
2008-02-07,0.03
2008-02-08,0.13
2008-02-09,0.17
2008-02-10,0.1
2008-02-11,0.02
2008-02-12,1.04
2008-02-13,0.66
2008-02-14,0
2008-02-15,0
2008-02-16,0
2008-02-17,0.17
2008-02-18,0.14
2008-02-19,0
2008-02-20,0.03
2008-02-21,0.04
2008-02-22,0.85
2008-02-23,0.02
2008-02-24,0
2008-02-25,0
2008-02-26,1.17
2008-02-27,0
2008-02-28,0
2008-02-29,0.98
2008-03-01,0.1
2008-03-02,0
2008-03-03,0
2008-03-04,2.14
2008-03-05,0.11
2008-03-06,0
2008-03-07,0.73
2008-03-08,0.36
2008-03-09,0
2008-03-10,0.02
2008-03-11,0
2008-03-12,0
2008-03-13,0
2008-03-14,0.72
2008-03-15,0.01
2008-03-16,0
2008-03-17,0
2008-03-18,0.52
2008-03-19,1.65
2008-03-20,0
2008-03-21,0
2008-03-22,0.04
2008-03-23,0
2008-03-24,0
2008-03-25,0
2008-03-26,0
2008-03-27,0.43
2008-03-28,0.44
2008-03-29,0
2008-03-30,0
2008-03-31,0.04
2008-04-01,0
2008-04-02,0
2008-04-03,0.03
2008-04-04,0.49
2008-04-05,0
2008-04-06,0
2008-04-07,0
2008-04-08,0
2008-04-09,0.05
2008-04-10,0
2008-04-11,0.24
2008-04-12,0
2008-04-13,0.07
2008-04-14,0
2008-04-15,0
2008-04-16,0
2008-04-17,0
2008-04-18,0
2008-04-19,0.11
2008-04-20,0.25
2008-04-21,0
2008-04-22,0
2008-04-23,0.26
2008-04-24,0
2008-04-25,0
2008-04-26,0.07
2008-04-27,0.08
2008-04-28,0.37
2008-04-29,0
2008-04-30,0
2008-05-01,0.03
2008-05-02,0
2008-05-03,0.25
2008-05-04,0
2008-05-05,0
2008-05-06,0
2008-05-07,0.1
2008-05-08,0.54
2008-05-09,0.08
2008-05-10,0.74
2008-05-11,0.38
2008-05-12,0.01
2008-05-13,0
2008-05-14,0.1
2008-05-15,0.01
2008-05-16,0.27
2008-05-17,0.1
2008-05-18,0.25
2008-05-19,0
2008-05-20,0.09
2008-05-21,0.03
2008-05-22,0
2008-05-23,0
2008-05-24,0
2008-05-25,0
2008-05-26,0.08
2008-05-27,0
2008-05-28,0
2008-05-29,0
2008-05-30,0
2008-05-31,0.14
2008-06-01,0
2008-06-02,0
2008-06-03,0.48
2008-06-04,0.63
2008-06-05,0.52
2008-06-06,0
2008-06-07,0
2008-06-08,0
2008-06-09,0
2008-06-10,0.48
2008-06-11,0
2008-06-12,0
2008-06-13,0.48
2008-06-14,1.31
2008-06-15,0.1
2008-06-16,0.06
2008-06-17,0
2008-06-18,0
2008-06-19,0.02
2008-06-20,0.01
2008-06-21,0.02
2008-06-22,0.29
2008-06-23,0.29
2008-06-24,0
2008-06-25,0
2008-06-26,3.65
2008-06-27,0.29
2008-06-28,0.96
2008-06-29,1.07
2008-06-30,1.01
2008-07-01,0
2008-07-02,0
2008-07-03,0.48
2008-07-04,0
2008-07-05,0
2008-07-06,0.07
2008-07-07,0.02
2008-07-08,1.81
2008-07-09,0.37
2008-07-10,0
2008-07-11,0
2008-07-12,0.14
2008-07-13,0.04
2008-07-14,0
2008-07-15,0
2008-07-16,0
2008-07-17,0
2008-07-18,0
2008-07-19,0
2008-07-20,0.25
2008-07-21,0.55
2008-07-22,0.09
2008-07-23,1.38
2008-07-24,0
2008-07-25,0
2008-07-26,0.02
2008-07-27,0
2008-07-28,0
2008-07-29,0
2008-07-30,1.75
2008-07-31,1.71
2008-08-01,0.05
2008-08-02,0
2008-08-03,0
2008-08-04,0
2008-08-05,1.05
2008-08-06,0.36
2008-08-07,0.02
2008-08-08,0
2008-08-09,0
2008-08-10,0.44
2008-08-11,0.01
2008-08-12,0
2008-08-13,0
2008-08-14,1.25
2008-08-15,0
2008-08-16,0
2008-08-17,0
2008-08-18,0
2008-08-19,0
2008-08-20,0
2008-08-21,0
2008-08-22,0
2008-08-23,0
2008-08-24,0
2008-08-25,0.16
2008-08-26,0
2008-08-27,0.84
2008-08-28,0.86
2008-08-29,0.02
2008-08-30,0
2008-08-31,0
2008-09-01,0
2008-09-02,0
2008-09-03,0
2008-09-04,0.1
2008-09-05,0
2008-09-06,0
2008-09-07,0
2008-09-08,0
2008-09-09,0.43
2008-09-10,0.1
2008-09-11,0
2008-09-12,3.19
2008-09-13,0.56
2008-09-14,0
2008-09-15,0
2008-09-16,0
2008-09-17,0
2008-09-18,0
2008-09-19,0
2008-09-20,0
2008-09-21,0
2008-09-22,0
2008-09-23,0
2008-09-24,0
2008-09-25,0
2008-09-26,0.01
2008-09-27,2.34
2008-09-28,0
2008-09-29,0
2008-09-30,0.02
2008-10-01,0.1
2008-10-02,0.11
2008-10-03,0.01
2008-10-04,0.35
2008-10-05,0
2008-10-06,0
2008-10-07,0
2008-10-08,0.66
2008-10-09,0
2008-10-10,0
2008-10-11,0
2008-10-12,0
2008-10-13,0
2008-10-14,0
2008-10-15,0.17
2008-10-16,0.34
2008-10-17,0
2008-10-18,0
2008-10-19,0
2008-10-20,0
2008-10-21,0.01
2008-10-22,0
2008-10-23,0
2008-10-24,0.12
2008-10-25,1.63
2008-10-26,0.2
2008-10-27,0.01
2008-10-28,0.13
2008-10-29,0.17
2008-10-30,0
2008-10-31,0
2008-11-01,0
2008-11-02,0
2008-11-03,0
2008-11-04,0.1
2008-11-05,0
2008-11-06,0
2008-11-07,0.1
2008-11-08,0.13
2008-11-09,0
2008-11-10,0
2008-11-11,0
2008-11-12,0.13
2008-11-13,0.37
2008-11-14,0
2008-11-15,1.02
2008-11-16,0.03
2008-11-17,0.17
2008-11-18,0.02
2008-11-19,0
2008-11-20,0.01
2008-11-21,0.01
2008-11-22,0
2008-11-23,0
2008-11-24,0.99
2008-11-25,0.31
2008-11-26,0.01
2008-11-27,0
2008-11-28,0
2008-11-29,0
2008-11-30,0.54
2008-12-01,0.02
2008-12-02,0
2008-12-03,0
2008-12-04,0.31
2008-12-05,0
2008-12-06,0.02
2008-12-07,0.1
2008-12-08,0.01
2008-12-09,0.02
2008-12-10,1.23
2008-12-11,1.24
2008-12-12,0.43
2008-12-13,0.01
2008-12-14,0.1
2008-12-15,0.19
2008-12-16,0.02
2008-12-17,0.37
2008-12-18,0
2008-12-19,2.69
2008-12-20,0
2008-12-21,0.09
2008-12-22,0
2008-12-23,0
2008-12-24,2.35
2008-12-25,0.1
2008-12-26,1.53
2008-12-27,0
2008-12-28,0
2008-12-29,0
2008-12-30,0
2008-12-31,0
2009-01-01,0
2009-01-02,0
2009-01-03,0
2009-01-04,0.04
2009-01-05,0.11
2009-01-06,1.19
2009-01-07,1.35
2009-01-08,0
2009-01-09,0.05
2009-01-10,0.5
2009-01-11,0
2009-01-12,0.03
2009-01-13,0.12
2009-01-14,0.19
2009-01-15,0.01
2009-01-16,0
2009-01-17,0.13
2009-01-18,0.25
2009-01-19,0
2009-01-20,0.01
2009-01-21,0
2009-01-22,0
2009-01-23,0
2009-01-24,0
2009-01-25,0.06
2009-01-26,0
2009-01-27,0.27
2009-01-28,1.79
2009-01-29,0
2009-01-30,0.14
2009-01-31,0.01
2009-02-01,0
2009-02-02,0
2009-02-03,0
2009-02-04,0
2009-02-05,0.1
2009-02-06,0
2009-02-07,0
2009-02-08,0
2009-02-09,0
2009-02-10,0.76
2009-02-11,0.08
2009-02-12,0.16
2009-02-13,0
2009-02-14,0.01
2009-02-15,0.01
2009-02-16,0
2009-02-17,0
2009-02-18,0.71
2009-02-19,0.05
2009-02-20,0
2009-02-21,0.07
2009-02-22,0.09
2009-02-23,0
2009-02-24,0
2009-02-25,0
2009-02-26,0
2009-02-27,0.4
2009-02-28,0
2009-03-01,0
2009-03-02,0
2009-03-03,0
2009-03-04,0
2009-03-05,0
2009-03-06,0.1
2009-03-07,0.03
2009-03-08,0.57
2009-03-09,0
2009-03-10,0.13
2009-03-11,0.01
2009-03-12,0
2009-03-13,0
2009-03-14,0
2009-03-15,0
2009-03-16,0
2009-03-17,0
2009-03-18,0
2009-03-19,0.08
2009-03-20,0
2009-03-21,0
2009-03-22,0
2009-03-23,0
2009-03-24,0
2009-03-25,0.51
2009-03-26,1.01
2009-03-27,0.06
2009-03-28,0.1
2009-03-29,0.59
2009-03-30,0.1
2009-03-31,0
2009-04-01,0.29
2009-04-02,0
2009-04-03,1.76
2009-04-04,0
2009-04-05,0
2009-04-06,0.18
2009-04-07,0.04
2009-04-08,0.11
2009-04-09,0
2009-04-10,0.12
2009-04-11,0
2009-04-12,0
2009-04-13,0.02
2009-04-14,0.37
2009-04-15,0.45
2009-04-16,0
2009-04-17,0
2009-04-18,0
2009-04-19,0.05
2009-04-20,0.56
2009-04-21,0.12
2009-04-22,0.11
2009-04-23,0
2009-04-24,0.01
2009-04-25,0
2009-04-26,0
2009-04-27,0
2009-04-28,0.21
2009-04-29,0.02
2009-04-30,0.34
2009-05-01,0.8
2009-05-02,0
2009-05-03,0.02
2009-05-04,1.42
2009-05-05,0.1
2009-05-06,1.03
2009-05-07,0
2009-05-08,0
2009-05-09,0.04
2009-05-10,0
2009-05-11,0.08
2009-05-12,0
2009-05-13,0
2009-05-14,0.03
2009-05-15,0
2009-05-16,0.53
2009-05-17,0
2009-05-18,0
2009-05-19,0
2009-05-20,0
2009-05-21,0
2009-05-22,0
2009-05-23,0
2009-05-24,0.96
2009-05-25,0
2009-05-26,0.8
2009-05-27,0.17
2009-05-28,0.68
2009-05-29,0.14
2009-05-30,0.03
2009-05-31,0
2009-06-01,0
2009-06-02,0.33
2009-06-03,0.64
2009-06-04,0
2009-06-05,0
2009-06-06,0
2009-06-07,0
2009-06-08,0.13
2009-06-09,0.01
2009-06-10,0.1
2009-06-11,0.69
2009-06-12,0.1
2009-06-13,0
2009-06-14,0
2009-06-15,0
2009-06-16,0.1
2009-06-17,6.53
2009-06-18,0.4
2009-06-19,0.02
2009-06-20,0.6
2009-06-21,0
2009-06-22,0
2009-06-23,0
2009-06-24,0
2009-06-25,0.12
2009-06-26,0.14
2009-06-27,0
2009-06-28,0.02
2009-06-29,0
2009-06-30,0.19
2009-07-01,0.01
2009-07-02,0.44
2009-07-03,0.1
2009-07-04,0.1
2009-07-05,0
2009-07-06,0
2009-07-07,0
2009-07-08,0
2009-07-09,0
2009-07-10,0
2009-07-11,0.2
2009-07-12,0
2009-07-13,0
2009-07-14,0
2009-07-15,0
2009-07-16,0
2009-07-17,0.73
2009-07-18,0.1
2009-07-19,0
2009-07-20,0.67
2009-07-21,0.28
2009-07-22,0.07
2009-07-23,2.63
2009-07-24,0.2
2009-07-25,0.01
2009-07-26,0.47
2009-07-27,0
2009-07-28,0.7
2009-07-29,1.89
2009-07-30,0.1
2009-07-31,1.32
2009-08-01,0
2009-08-02,0.6
2009-08-03,0
2009-08-04,0
2009-08-05,0
2009-08-06,0
2009-08-07,0
2009-08-08,0
2009-08-09,0
2009-08-10,1.31
2009-08-11,0.06
2009-08-12,0.12
2009-08-13,0
2009-08-14,0
2009-08-15,0
2009-08-16,0
2009-08-17,0
2009-08-18,0
2009-08-19,0.72
2009-08-20,0.81
2009-08-21,0.04
2009-08-22,0
2009-08-23,0
2009-08-24,0
2009-08-25,0
2009-08-26,0
2009-08-27,0
2009-08-28,0.44
2009-08-29,0.05
2009-08-30,0
2009-08-31,0
2009-09-01,0
2009-09-02,0
2009-09-03,0.1
2009-09-04,0
2009-09-05,0
2009-09-06,0.1
2009-09-07,0.28
2009-09-08,0.17
2009-09-09,0.01
2009-09-10,0
2009-09-11,0
2009-09-12,0
2009-09-13,0
2009-09-14,0
2009-09-15,0
2009-09-16,0
2009-09-17,0
2009-09-18,0
2009-09-19,0
2009-09-20,0
2009-09-21,0.02
2009-09-22,0.53
2009-09-23,0.26
2009-09-24,0
2009-09-25,0
2009-09-26,0.66
2009-09-27,0.91
2009-09-28,0.22
2009-09-29,0.22
2009-09-30,0.17
2009-10-01,0
2009-10-02,0.47
2009-10-03,0.1
2009-10-04,0
2009-10-05,0
2009-10-06,0
2009-10-07,0.05
2009-10-08,0.08
2009-10-09,3.77
2009-10-10,0.37
2009-10-11,0
2009-10-12,0
2009-10-13,0
2009-10-14,0
2009-10-15,1
2009-10-16,0.27
2009-10-17,0.03
2009-10-18,0.1
2009-10-19,0
2009-10-20,0
2009-10-21,0
2009-10-22,0
2009-10-23,0.4
2009-10-24,0.34
2009-10-25,0
2009-10-26,0
2009-10-27,0.15
2009-10-28,0.51
2009-10-29,0
2009-10-30,0
2009-10-31,0.25
2009-11-01,0
2009-11-02,0
2009-11-03,0
2009-11-04,0
2009-11-05,0.17
2009-11-06,0
2009-11-07,0.1
2009-11-08,0
2009-11-09,0
2009-11-10,0
2009-11-11,0
2009-11-12,0
2009-11-13,0
2009-11-14,0
2009-11-15,0
2009-11-16,0
2009-11-17,0
2009-11-18,0.02
2009-11-19,0.8
2009-11-20,0
2009-11-21,0
2009-11-22,0
2009-11-23,0.08
2009-11-24,0.05
2009-11-25,0.12
2009-11-26,0.01
2009-11-27,0.26
2009-11-28,0
2009-11-29,0.02
2009-11-30,0.43
2009-12-01,0
2009-12-02,0.55
2009-12-03,0.59
2009-12-04,0
2009-12-05,0.12
2009-12-06,0
2009-12-07,0
2009-12-08,0.59
2009-12-09,1.99
2009-12-10,0
2009-12-11,0
2009-12-12,0
2009-12-13,0.43
2009-12-14,0
2009-12-15,0.11
2009-12-16,0
2009-12-17,0
2009-12-18,0.01
2009-12-19,1.12
2009-12-20,0.01
2009-12-21,0.01
2009-12-22,0.01
2009-12-23,0
2009-12-24,0
2009-12-25,1.2
2009-12-26,0.11
2009-12-27,0.01
2009-12-28,0.15
2009-12-29,0
2009-12-30,0
2009-12-31,0.4
2010-01-01,0.12
2010-01-02,0.01
2010-01-03,0
2010-01-04,0.06
2010-01-05,0.14
2010-01-06,0.11
2010-01-07,0.22
2010-01-08,0.13
2010-01-09,0.01
2010-01-10,0
2010-01-11,0.04
2010-01-12,0
2010-01-13,0
2010-01-14,0
2010-01-15,0
2010-01-16,0
2010-01-17,1.05
2010-01-18,0
2010-01-19,0
2010-01-20,0
2010-01-21,0.01
2010-01-22,0.07
2010-01-23,0
2010-01-24,1.91
2010-01-25,0.63
2010-01-26,0.05
2010-01-27,0
2010-01-28,0.11
2010-01-29,0
2010-01-30,0
2010-01-31,0
2010-02-01,0
2010-02-02,0
2010-02-03,0
2010-02-04,0
2010-02-05,0.71
2010-02-06,0.85
2010-02-07,0
2010-02-08,0
2010-02-09,0.18
2010-02-10,0.36
2010-02-11,0.01
2010-02-12,0
2010-02-13,0.02
2010-02-14,0
2010-02-15,0.1
2010-02-16,0.18
2010-02-17,0.07
2010-02-18,0.03
2010-02-19,0
2010-02-20,0
2010-02-21,0
2010-02-22,0.09
2010-02-23,0.02
2010-02-24,0
2010-02-25,0.01
2010-02-26,0.22
2010-02-27,0.13
2010-02-28,0.01
2010-03-01,0
2010-03-02,0
2010-03-03,0
2010-03-04,0
2010-03-05,0
2010-03-06,0
2010-03-07,0
2010-03-08,0
2010-03-09,0
2010-03-10,0
2010-03-11,0
2010-03-12,0.26
2010-03-13,0.59
2010-03-14,0.05
2010-03-15,0.01
2010-03-16,0
2010-03-17,0
2010-03-18,0
2010-03-19,0
2010-03-20,0
2010-03-21,0
2010-03-22,0.29
2010-03-23,0.04
2010-03-24,0
2010-03-25,0.47
2010-03-26,0.05
2010-03-27,0
2010-03-28,0.43
2010-03-29,0
2010-03-30,0
2010-03-31,0
2010-04-01,0
2010-04-02,0
2010-04-03,0
2010-04-04,0
2010-04-05,0
2010-04-06,0.16
2010-04-07,0
2010-04-08,0.02
2010-04-09,0
2010-04-10,0
2010-04-11,0
2010-04-12,0
2010-04-13,0.12
2010-04-14,0
2010-04-15,0
2010-04-16,0.24
2010-04-17,0
2010-04-18,0
2010-04-19,0
2010-04-20,0
2010-04-21,0
2010-04-22,0
2010-04-23,0
2010-04-24,0.22
2010-04-25,0.3
2010-04-26,0.7
2010-04-27,0
2010-04-28,0
2010-04-29,0
2010-04-30,0
2010-05-01,0
2010-05-02,0.57
2010-05-03,0.17
2010-05-04,0
2010-05-05,0
2010-05-06,0.05
2010-05-07,0
2010-05-08,0.39
2010-05-09,0
2010-05-10,0
2010-05-11,0.71
2010-05-12,0.13
2010-05-13,0
2010-05-14,0
2010-05-15,0
2010-05-16,0
2010-05-17,1.26
2010-05-18,0.25
2010-05-19,0.02
2010-05-20,0
2010-05-21,0
2010-05-22,0.53
2010-05-23,0
2010-05-24,0
2010-05-25,0
2010-05-26,0
2010-05-27,0
2010-05-28,0.72
2010-05-29,0
2010-05-30,0
2010-05-31,0.39
2010-06-01,0.01
2010-06-02,2.11
2010-06-03,0.1
2010-06-04,0.09
2010-06-05,1.02
2010-06-06,0.04
2010-06-07,0
2010-06-08,0
2010-06-09,0.58
2010-06-10,0
2010-06-11,0
2010-06-12,0.01
2010-06-13,0.02
2010-06-14,0
2010-06-15,0.01
2010-06-16,0
2010-06-17,0
2010-06-18,0
2010-06-19,0.2
2010-06-20,0
2010-06-21,0
2010-06-22,0.23
2010-06-23,0.59
2010-06-24,0
2010-06-25,0
2010-06-26,0
2010-06-27,0.03
2010-06-28,0.09
2010-06-29,0
2010-06-30,0
2010-07-01,0
2010-07-02,0
2010-07-03,0
2010-07-04,0
2010-07-05,0
2010-07-06,0
2010-07-07,0
2010-07-08,0
2010-07-09,1.64
2010-07-10,0
2010-07-11,0
2010-07-12,0
2010-07-13,0.19
2010-07-14,0
2010-07-15,0
2010-07-16,0
2010-07-17,0
2010-07-18,0
2010-07-19,0.14
2010-07-20,0.23
2010-07-21,0.29
2010-07-22,0
2010-07-23,0
2010-07-24,0.24
2010-07-25,0.09
2010-07-26,0
2010-07-27,0
2010-07-28,0
2010-07-29,0.03
2010-07-30,0
2010-07-31,0.01
2010-08-01,0
2010-08-02,0
2010-08-03,0.11
2010-08-04,0.08
2010-08-05,0.04
2010-08-06,0
2010-08-07,0
2010-08-08,0
2010-08-09,0
2010-08-10,0
2010-08-11,0
2010-08-12,0.23
2010-08-13,0
2010-08-14,0.78
2010-08-15,0.01
2010-08-16,0
2010-08-17,0
2010-08-18,0
2010-08-19,0
2010-08-20,0
2010-08-21,0.3
2010-08-22,0.02
2010-08-23,0.11
2010-08-24,0
2010-08-25,0
2010-08-26,0
2010-08-27,0
2010-08-28,0
2010-08-29,0
2010-08-30,0
2010-08-31,0
2010-09-01,0
2010-09-02,0
2010-09-03,0.2
2010-09-04,0
2010-09-05,0
2010-09-06,0
2010-09-07,0.55
2010-09-08,0
2010-09-09,0
2010-09-10,0
2010-09-11,0.14
2010-09-12,0.02
2010-09-13,0.01
2010-09-14,0
2010-09-15,0
2010-09-16,0.44
2010-09-17,0.01
2010-09-18,0
2010-09-19,0
2010-09-20,0
2010-09-21,0
2010-09-22,0.06
2010-09-23,0
2010-09-24,0
2010-09-25,0
2010-09-26,0
2010-09-27,0.34
2010-09-28,1.2
2010-09-29,0
2010-09-30,0.29
2010-10-01,0
2010-10-02,0
2010-10-03,0.29
2010-10-04,0.05
2010-10-05,0.17
2010-10-06,0.31
2010-10-07,0
2010-10-08,0
2010-10-09,0
2010-10-10,0
2010-10-11,0.08
2010-10-12,0.04
2010-10-13,0
2010-10-14,0
2010-10-15,0.03
2010-10-16,0
2010-10-17,0
2010-10-18,0.22
2010-10-19,0.09
2010-10-20,0
2010-10-21,0
2010-10-22,0
2010-10-23,0
2010-10-24,0
2010-10-25,0.17
2010-10-26,0.67
2010-10-27,0
2010-10-28,0
2010-10-29,0
2010-10-30,0
2010-10-31,0
2010-11-01,0
2010-11-02,0
2010-11-03,0
2010-11-04,0.03
2010-11-05,0.13
2010-11-06,0
2010-11-07,0
2010-11-08,0
2010-11-09,0
2010-11-10,0
2010-11-11,0
2010-11-12,0
2010-11-13,0
2010-11-14,0.15
2010-11-15,0
2010-11-16,0.4
2010-11-17,0
2010-11-18,0
2010-11-19,0
2010-11-20,0
2010-11-21,0
2010-11-22,0
2010-11-23,0.1
2010-11-24,0.01
2010-11-25,1.81
2010-11-26,0.39
2010-11-27,0
2010-11-28,0
2010-11-29,0
2010-11-30,2.78
2010-12-01,0.81
2010-12-02,0.01
2010-12-03,0
2010-12-04,0
2010-12-05,0
2010-12-06,0
2010-12-07,0
2010-12-08,0
2010-12-09,0
2010-12-10,0.01
2010-12-11,0
2010-12-12,0.4
2010-12-13,0.01
2010-12-14,0
2010-12-15,0
2010-12-16,0
2010-12-17,0
2010-12-18,0
2010-12-19,0
2010-12-20,0.01
2010-12-21,0
2010-12-22,0
2010-12-23,0.01
2010-12-24,0
2010-12-25,0.06
2010-12-26,0
2010-12-27,0
2010-12-28,0
2010-12-29,0
2010-12-30,0.06
2010-12-31,0
2011-01-01,0.77
2011-01-02,0.01
2011-01-03,0
2011-01-04,0
2011-01-05,0
2011-01-06,0.01
2011-01-07,0.02
2011-01-08,0.03
2011-01-09,0
2011-01-10,0
2011-01-11,0.16
2011-01-12,0.03
2011-01-13,0
2011-01-14,0.02
2011-01-15,0
2011-01-16,0
2011-01-17,0
2011-01-18,0.1
2011-01-19,0.02
2011-01-20,0.25
2011-01-21,0.06
2011-01-22,0
2011-01-23,0
2011-01-24,0
2011-01-25,0.04
2011-01-26,0.02
2011-01-27,0.03
2011-01-28,0.05
2011-01-29,0.03
2011-01-30,0.03
2011-01-31,0
2011-02-01,0.35
2011-02-02,0.24
2011-02-03,0
2011-02-04,0
2011-02-05,0.07
2011-02-06,0
2011-02-07,0.17
2011-02-08,0.04
2011-02-09,0
2011-02-10,0
2011-02-11,0
2011-02-12,0
2011-02-13,0
2011-02-14,0
2011-02-15,0
2011-02-16,0
2011-02-17,0
2011-02-18,0
2011-02-19,0
2011-02-20,0.12
2011-02-21,1.19
2011-02-22,0.06
2011-02-23,0
2011-02-24,0.13
2011-02-25,0.9
2011-02-26,0
2011-02-27,0.17
2011-02-28,1.22
2011-03-01,0
2011-03-02,0
2011-03-03,0
2011-03-04,0.27
2011-03-05,0.36
2011-03-06,0.67
2011-03-07,0
2011-03-08,0
2011-03-09,0.56
2011-03-10,1.15
2011-03-11,0.36
2011-03-12,0
2011-03-13,0
2011-03-14,0
2011-03-15,0.19
2011-03-16,0
2011-03-17,0
2011-03-18,0
2011-03-19,0
2011-03-20,0
2011-03-21,0.08
2011-03-22,0.05
2011-03-23,0.97
2011-03-24,0.02
2011-03-25,0
2011-03-26,0
2011-03-27,0
2011-03-28,0
2011-03-29,0
2011-03-30,0.21
2011-03-31,0.01
2011-04-01,0.02
2011-04-02,0.09
2011-04-03,0.01
2011-04-04,0.74
2011-04-05,0.27
2011-04-06,0
2011-04-07,0
2011-04-08,0.4
2011-04-09,0
2011-04-10,0
2011-04-11,0.05
2011-04-12,0.83
2011-04-13,0.13
2011-04-14,0
2011-04-15,0
2011-04-16,0.82
2011-04-17,0
2011-04-18,0
2011-04-19,0.72
2011-04-20,0
2011-04-21,0
2011-04-22,0.29
2011-04-23,0.14
2011-04-24,0.1
2011-04-25,0.17
2011-04-26,0.12
2011-04-27,0.02
2011-04-28,0.09
2011-04-29,0
2011-04-30,0
2011-05-01,0.21
2011-05-02,0.03
2011-05-03,0.72
2011-05-04,0.02
2011-05-05,0
2011-05-06,0.06
2011-05-07,0.04
2011-05-08,0
2011-05-09,0
2011-05-10,0
2011-05-11,0
2011-05-12,0.6
2011-05-13,0.39
2011-05-14,0.84
2011-05-15,0.29
2011-05-16,0.01
2011-05-17,0.55
2011-05-18,0.24
2011-05-19,0.01
2011-05-20,0
2011-05-21,0
2011-05-22,0.04
2011-05-23,0
2011-05-24,0.22
2011-05-25,0
2011-05-26,0
2011-05-27,0.31
2011-05-28,0
2011-05-29,0
2011-05-30,0
2011-05-31,0
2011-06-01,0
2011-06-02,0
2011-06-03,0
2011-06-04,0
2011-06-05,0
2011-06-06,0
2011-06-07,0.3
2011-06-08,0
2011-06-09,0
2011-06-10,0.07
2011-06-11,0.15
2011-06-12,0
2011-06-13,0
2011-06-14,0
2011-06-15,0
2011-06-16,0.09
2011-06-17,0.05
2011-06-18,0.09
2011-06-19,0.13
2011-06-20,0.56
2011-06-21,0.24
2011-06-22,0.01
2011-06-23,0.68
2011-06-24,0.12
2011-06-25,0
2011-06-26,0
2011-06-27,0.01
2011-06-28,0
2011-06-29,0
2011-06-30,0
2011-07-01,0
2011-07-02,0
2011-07-03,0.03
2011-07-04,0
2011-07-05,0
2011-07-06,0.04
2011-07-07,0.01
2011-07-08,0.54
2011-07-09,0
2011-07-10,0
2011-07-11,0.16
2011-07-12,0
2011-07-13,0
2011-07-14,0
2011-07-15,0
2011-07-16,0
2011-07-17,0
2011-07-18,0.9
2011-07-19,0.24
2011-07-20,0
2011-07-21,0
2011-07-22,0.08
2011-07-23,0
2011-07-24,0
2011-07-25,0.61
2011-07-26,0
2011-07-27,0
2011-07-28,0
2011-07-29,0.01
2011-07-30,0
2011-07-31,0
2011-08-01,0
2011-08-02,0
2011-08-03,0.17
2011-08-04,0
2011-08-05,0
2011-08-06,0.05
2011-08-07,0.09
2011-08-08,0.06
2011-08-09,0.37
2011-08-10,0
2011-08-11,0
2011-08-12,0
2011-08-13,0
2011-08-14,0.46
2011-08-15,0.1
2011-08-16,0
2011-08-17,0
2011-08-18,0
2011-08-19,0.7
2011-08-20,0
2011-08-21,0.15
2011-08-22,0
2011-08-23,0
2011-08-24,0.03
2011-08-25,0.51
2011-08-26,0
2011-08-27,0
2011-08-28,0
2011-08-29,0
2011-08-30,0
2011-08-31,0
2011-09-01,0.39
2011-09-02,0
2011-09-03,0
2011-09-04,0.23
2011-09-05,0.53
2011-09-06,0.26
2011-09-07,0.05
2011-09-08,0.01
2011-09-09,0
2011-09-10,0
2011-09-11,0.03
2011-09-12,0
2011-09-13,0
2011-09-14,0
2011-09-15,0.3
2011-09-16,0
2011-09-17,0
2011-09-18,0
2011-09-19,0.41
2011-09-20,0.07
2011-09-21,0
2011-09-22,0.04
2011-09-23,0.09
2011-09-24,0
2011-09-25,0
2011-09-26,0.75
2011-09-27,0.21
2011-09-28,0.09
2011-09-29,0.19
2011-09-30,0.08
2011-10-01,0.32
2011-10-02,0.63
2011-10-03,0.1
2011-10-04,0.03
2011-10-05,0
2011-10-06,0
2011-10-07,0
2011-10-08,0
2011-10-09,0
2011-10-10,0
2011-10-11,0
2011-10-12,0.75
2011-10-13,0.86
2011-10-14,0.24
2011-10-15,0
2011-10-16,0.14
2011-10-17,0
2011-10-18,0
2011-10-19,0.06
2011-10-20,0.01
2011-10-21,0.06
2011-10-22,0
2011-10-23,0
2011-10-24,0.1
2011-10-25,0
2011-10-26,0.2
2011-10-27,0.51
2011-10-28,0
2011-10-29,0.31
2011-10-30,0
2011-10-31,0.08
2011-11-01,0
2011-11-02,0
2011-11-03,0
2011-11-04,0
2011-11-05,0
2011-11-06,0
2011-11-07,0
2011-11-08,0
2011-11-09,0.09
2011-11-10,0.01
2011-11-11,0
2011-11-12,0
2011-11-13,0
2011-11-14,0.66
2011-11-15,0.58
2011-11-16,0.33
2011-11-17,0
2011-11-18,0
2011-11-19,0
2011-11-20,0.16
2011-11-21,0.13
2011-11-22,0.79
2011-11-23,0.06
2011-11-24,0
2011-11-25,0
2011-11-26,0
2011-11-27,0.28
2011-11-28,0.2
2011-11-29,0.45
2011-11-30,0.01
2011-12-01,0
2011-12-02,0
2011-12-03,0
2011-12-04,0
2011-12-05,0.16
2011-12-06,0.05
2011-12-07,0.09
2011-12-08,0
2011-12-09,0
2011-12-10,0
2011-12-11,0
2011-12-12,0
2011-12-13,0
2011-12-14,0.03
2011-12-15,0.14
2011-12-16,0
2011-12-17,0.02
2011-12-18,0.01
2011-12-19,0
2011-12-20,0.26
2011-12-21,0.41
2011-12-22,0.36
2011-12-23,0.06
2011-12-24,0
2011-12-25,0
2011-12-26,0
2011-12-27,0.72
2011-12-28,0
2011-12-29,0.01
2011-12-30,0.07
2011-12-31,0.01
2012-01-01,0.05
2012-01-02,0
2012-01-03,0.03
2012-01-04,0
2012-01-05,0
2012-01-06,0
2012-01-07,0
2012-01-08,0
2012-01-09,0
2012-01-10,0
2012-01-11,0.57
2012-01-12,0.62
2012-01-13,0.02
2012-01-14,0.01
2012-01-15,0
2012-01-16,0.02
2012-01-17,0.16
2012-01-18,0
2012-01-19,0.1
2012-01-20,0.06
2012-01-21,0.4
2012-01-22,0
2012-01-23,0.57
2012-01-24,0
2012-01-25,0
2012-01-26,0.5
2012-01-27,0.32
2012-01-28,0.04
2012-01-29,0
2012-01-30,0
2012-01-31,0
2012-02-01,0.03
2012-02-02,0
2012-02-03,0
2012-02-04,0.16
2012-02-05,0
2012-02-06,0
2012-02-07,0
2012-02-08,0.06
2012-02-09,0
2012-02-10,0.06
2012-02-11,0.09
2012-02-12,0
2012-02-13,0
2012-02-14,0.13
2012-02-15,0
2012-02-16,0.28
2012-02-17,0
2012-02-18,0
2012-02-19,0
2012-02-20,0
2012-02-21,0
2012-02-22,0.01
2012-02-23,0.03
2012-02-24,0.09
2012-02-25,0.01
2012-02-26,0
2012-02-27,0
2012-02-28,0
2012-02-29,0.94
2012-03-01,0
2012-03-02,0.13
2012-03-03,0
2012-03-04,0.04
2012-03-05,0.02
2012-03-06,0
2012-03-07,0
2012-03-08,0.84
2012-03-09,0
2012-03-10,0
2012-03-11,0
2012-03-12,0.29
2012-03-13,0
2012-03-14,0
2012-03-15,0.46
2012-03-16,0.04
2012-03-17,0
2012-03-18,0.13
2012-03-19,0.3
2012-03-20,0
2012-03-21,0
2012-03-22,0
2012-03-23,0
2012-03-24,0.38
2012-03-25,0
2012-03-26,0
2012-03-27,0
2012-03-28,0.19
2012-03-29,0
2012-03-30,0.3
2012-03-31,0
2012-04-01,0.15
2012-04-02,0
2012-04-03,0
2012-04-04,0
2012-04-05,0
2012-04-06,0
2012-04-07,0
2012-04-08,0
2012-04-09,0.2
2012-04-10,0
2012-04-11,0.06
2012-04-12,0
2012-04-13,0
2012-04-14,0.19
2012-04-15,0.03
2012-04-16,0
2012-04-17,0
2012-04-18,0
2012-04-19,0
2012-04-20,0
2012-04-21,0.3
2012-04-22,0.04
2012-04-23,0.27
2012-04-24,0
2012-04-25,0
2012-04-26,0.04
2012-04-27,0
2012-04-28,0.02
2012-04-29,0
2012-04-30,0.01
2012-05-01,0.24
2012-05-02,0.1
2012-05-03,0.83
2012-05-04,0
2012-05-05,0
2012-05-06,0
2012-05-07,0.04
2012-05-08,1.79
2012-05-09,0.04
2012-05-10,0
2012-05-11,0
2012-05-12,0
2012-05-13,0.31
2012-05-14,0.05
2012-05-15,0
2012-05-16,0
2012-05-17,0
2012-05-18,0
2012-05-19,0
2012-05-20,0
2012-05-21,0
2012-05-22,0
2012-05-23,0
2012-05-24,0
2012-05-25,0
2012-05-26,0
2012-05-27,0
2012-05-28,0
2012-05-29,1.29
2012-05-30,0
2012-05-31,0
2012-06-01,0.41
2012-06-02,0
2012-06-03,0.21
2012-06-04,0
2012-06-05,0.02
2012-06-06,0
2012-06-07,0
2012-06-08,0
2012-06-09,0
2012-06-10,0
2012-06-11,0.17
2012-06-12,0.24
2012-06-13,0
2012-06-14,0
2012-06-15,0
2012-06-16,0
2012-06-17,0
2012-06-18,0
2012-06-19,0
2012-06-20,0
2012-06-21,0
2012-06-22,0.08
2012-06-23,0
2012-06-24,0
2012-06-25,0.04
2012-06-26,0
2012-06-27,0
2012-06-28,0
2012-06-29,0.06
2012-06-30,0.01
2012-07-01,0
2012-07-02,0
2012-07-03,0
2012-07-04,1.27
2012-07-05,0.09
2012-07-06,0
2012-07-07,0
2012-07-08,0
2012-07-09,0
2012-07-10,0
2012-07-11,0.01
2012-07-12,0
2012-07-13,0
2012-07-14,0.23
2012-07-15,0
2012-07-16,0
2012-07-17,0
2012-07-18,0.35
2012-07-19,1.13
2012-07-20,0.51
2012-07-21,0.01
2012-07-22,0
2012-07-23,0
2012-07-24,0.78
2012-07-25,0
2012-07-26,0.77
2012-07-27,0.92
2012-07-28,0.75
2012-07-29,0
2012-07-30,0
2012-07-31,0.5
2012-08-01,0
2012-08-02,0
2012-08-03,0
2012-08-04,0
2012-08-05,1.11
2012-08-06,0
2012-08-07,0
2012-08-08,0.01
2012-08-09,0.8
2012-08-10,0.01
2012-08-11,0.01
2012-08-12,0
2012-08-13,0
2012-08-14,0.22
2012-08-15,0
2012-08-16,0
2012-08-17,0.13
2012-08-18,0
2012-08-19,0
2012-08-20,0.24
2012-08-21,0.07
2012-08-22,0
2012-08-23,0
2012-08-24,0
2012-08-25,0
2012-08-26,0
2012-08-27,0.04
2012-08-28,0.01
2012-08-29,0
2012-08-30,0
2012-08-31,0
2012-09-01,0.24
2012-09-02,0
2012-09-03,0.47
2012-09-04,0.39
2012-09-05,0
2012-09-06,0
2012-09-07,0
2012-09-08,0.5
2012-09-09,0
2012-09-10,0
2012-09-11,0
2012-09-12,0
2012-09-13,0
2012-09-14,0.02
2012-09-15,0
2012-09-16,0
2012-09-17,0.01
2012-09-18,1.08
2012-09-19,0
2012-09-20,0
2012-09-21,0.01
2012-09-22,0.15
2012-09-23,0
2012-09-24,0
2012-09-25,0
2012-09-26,0.25
2012-09-27,1.57
2012-09-28,0
2012-09-29,0
2012-09-30,0.11
2012-10-01,0
2012-10-02,0.16
2012-10-03,0
2012-10-04,0
2012-10-05,0
2012-10-06,0.11
2012-10-07,0.02
2012-10-08,0
2012-10-09,0
2012-10-10,0.01
2012-10-11,0
2012-10-12,0
2012-10-13,0
2012-10-14,0
2012-10-15,0.22
2012-10-16,0
2012-10-17,0
2012-10-18,0.17
2012-10-19,0.01
2012-10-20,0.12
2012-10-21,0
2012-10-22,0
2012-10-23,0
2012-10-24,0
2012-10-25,0
2012-10-26,0
2012-10-27,0.2
2012-10-28,0.32
2012-10-29,1.59
2012-10-30,1.09
2012-10-31,0.41
2012-11-01,0.13
2012-11-02,0.01
2012-11-03,0
2012-11-04,0
2012-11-05,0
2012-11-06,0
2012-11-07,0
2012-11-08,0
2012-11-09,0
2012-11-10,0.02
2012-11-11,0
2012-11-12,0.18
2012-11-13,0
2012-11-14,0
2012-11-15,0
2012-11-16,0
2012-11-17,0
2012-11-18,0
2012-11-19,0
2012-11-20,0
2012-11-21,0
2012-11-22,0
2012-11-23,0
2012-11-24,0.03
2012-11-25,0
2012-11-26,0
2012-11-27,0.02
2012-11-28,0
2012-11-29,0
2012-11-30,0
2012-12-01,0
2012-12-02,0.02
2012-12-03,0
2012-12-04,0.45
2012-12-05,0.02
2012-12-06,0
2012-12-07,0.89
2012-12-08,0.18
2012-12-09,0.21
2012-12-10,0.86
2012-12-11,0.03
2012-12-12,0
2012-12-13,0
2012-12-14,0
2012-12-15,0.01
2012-12-16,0
2012-12-17,0.81
2012-12-18,0.03
2012-12-19,0.01
2012-12-20,0.59
2012-12-21,0.02
2012-12-22,0.04
2012-12-23,0
2012-12-24,0.05
2012-12-25,0
2012-12-26,0.57
2012-12-27,0.01
2012-12-28,0
2012-12-29,0.38
2012-12-30,0.02
2012-12-31,0.1